Category,Question,Answer
Visa Procedure,What are the different types of visas available for Germany?,"""Germany offers various types of visas based on the purpose of your visit. Some common visa types include: Schengen Visa - This visa allows short-term stays in Germany and other Schengen member countries for tourism, business, or medical purposes. Student Visa - For individuals planning to study in Germany at a recognized educational institution. Work Visa - Required for non-EU citizens intending to work in Germany. The visa type may vary based on employment circumstances, such as job seekers, skilled workers, or EU Blue Card holders. Job Seeker Visa - Allows individuals to enter Germany for a limited period to search for employment opportunities. Family Reunion Visa - For family members joining their relatives who are already living in Germany. Business Visa - For individuals attending meetings, conferences, or conducting business activities in Germany. Freelancer Visa - For self-employed individuals planning to work as freelancers or start their own business. Artist Visa - Specifically for artists, musicians, and performers coming to Germany for cultural or artistic purposes. Medical Treatment Visa - Required for individuals seeking medical treatment or undergoing medical procedures in Germany. Au Pair Visa - For young individuals participating in the Au Pair program and living with a German host family. These are just a few examples, and there may be other visa types depending on specific circumstances. It's important to check the official websites of the German diplomatic missions in your home country for detailed information on visa requirements and application procedures."""
Visa Procedure,What is the process of applying for a student visa in Germany?,"""The process of applying for a student visa in Germany typically involves the following steps: Admission to a German university - Get accepted into a recognized German university or educational institution and receive the admission letter. Gather required documents - Prepare the necessary documents for the visa application, which may include a valid passport, passport-sized photographs, proof of financial resources, health insurance, admission letter, and educational certificates. Make an appointment - Schedule an appointment with the German embassy or consulate in your home country to submit your visa application. Complete the application form - Fill out the student visa application form accurately and provide all the required information. Attend the visa interview - Visit the German embassy or consulate for the visa interview. Be prepared to answer questions about your study plans, financial resources, and motivation for studying in Germany. Pay the visa fee - Pay the required visa processing fee, which may vary depending on your home country. Wait for the visa decision - After submitting your application and attending the interview, wait for the visa decision. The processing time may vary, so it's advisable to apply well in advance. Travel to Germany - If your student visa is approved, make travel arrangements to Germany and ensure that you fulfill any additional requirements, such as registering with the local authorities. It's important to consult the official website of the German embassy or consulate in your home country for detailed instructions and specific requirements for the student visa application."""
Visa Procedure,Can I work while studying with a student visa in Germany?,"""Yes, it is possible to work while studying in Germany with a student visa, but there are certain restrictions and conditions. Here are some key points to consider: Work hour limitations - As an international student, you are allowed to work part-time for up to 120 full days or 240 half days in a year without obtaining a separate work permit. Student job restrictions - Student visa holders are generally permitted to take on student jobs or part-time positions that are not highly qualified or related to their field of study. These jobs are often in sectors such as hospitality, retail, or administrative roles. Internships - If an internship is a mandatory part of your study program, you can undertake it without additional work permits. However, if the internship is not a compulsory part of your curriculum, you may need a work permit to engage in it. Work during semester breaks - During semester breaks or holidays, there are no restrictions on working hours or types of employment. Work after graduation - After completing your studies, you may be eligible to extend your residence permit for up to 18 months to search for job opportunities in Germany. If you secure employment relevant to your field of study, you can apply for a work permit or a Blue Card. German language proficiency - Proficiency in the German language is often required for jobs outside of the academic realm. Having a good command of the German language can enhance your employment prospects. It's important to note that working part-time should not hinder your academic progress, as your primary focus should be on your studies. It's advisable to check with the respective university or the local Foreigners' Office for specific regulations and guidelines related to working while studying with a student visa."""
Visa Procedure,What are the requirements for a work visa in Germany?,"""The specific requirements for a work visa in Germany may vary based on the type of work and individual circumstances. However, here are some general requirements: Job offer - You must have a confirmed job offer or employment contract from a German employer. The job should meet certain criteria, such as being in line with the local labor market conditions and offering sufficient salary. Vocational qualifications - Depending on the nature of the job, you may need to provide evidence of relevant vocational qualifications, certifications, or degrees. Health insurance - It is mandatory to have health insurance coverage that meets the German requirements. This can be public or private health insurance. Financial resources - You must demonstrate that you have sufficient financial resources to support yourself during your stay in Germany. This may include bank statements, employment contracts, or sponsorship letters. Valid passport - Your passport should be valid for the intended duration of your stay in Germany. Language proficiency - Depending on the job requirements and the employer's preferences, you may need to demonstrate a certain level of proficiency in the German language. Work permit - In some cases, a work permit may be required in addition to the work visa. The work permit is usually obtained by the employer on behalf of the employee. Qualification recognition - If your profession is regulated in Germany, you may need to have your foreign qualifications recognized by the relevant authorities in Germany. Background checks - The German authorities may conduct background checks, including criminal record checks, as part of the visa application process. It's important to note that the requirements can vary depending on the specific circumstances, such as the country of origin and the type of work. It's recommended to consult the German embassy or consulate in your home country for detailed information and guidance on the work visa requirements."""
Visa Procedure,What are the requirements for a Blue Card in Germany?,"""The Blue Card is a work and residence permit designed for highly skilled non-EU citizens seeking employment in Germany. The requirements for obtaining a Blue Card include:

- Employment offer: You must have a binding job offer or employment contract from a German employer that meets specific criteria, such as offering a salary above a certain threshold.
- Qualifications: You should hold a recognized university degree or an equivalent qualification that is relevant to your intended employment in Germany.
- Salary threshold: The minimum salary requirement for the Blue Card is usually higher than for other work permits. The specific threshold is subject to change and may depend on the occupation or local labor market conditions.
- Labor market approval: In some cases, the German Federal Employment Agency must grant approval for your employment in terms of local labor market conditions.
- Health insurance: It is mandatory to have health insurance coverage that meets the German requirements. This can be public or private health insurance.
- Valid passport: Your passport should be valid for the intended duration of your stay in Germany.
- Language proficiency: While not a mandatory requirement for the Blue Card, having a good command of the German language can be beneficial for your integration into the German society and job market.
- Background checks: The German authorities may conduct background checks, including criminal record checks, as part of the Blue Card application process.
- Qualification recognition: If your profession is regulated in Germany, you may need to have your foreign qualifications recognized by the relevant authorities in Germany.
- Proof of financial resources: You may be required to demonstrate sufficient financial resources to support yourself during your stay in Germany.

It's important to consult the official website of the German embassy or consulate in your home country for the most up-to-date and detailed information on the Blue Card requirements and application process."""
Visa Procedure,What is the process of applying for a job seeker visa in Germany?,"""The process of applying for a job seeker visa in Germany typically involves the following steps:

1. Gather required documents: Collect the necessary documents for the visa application, which may include a valid passport, passport-sized photographs, educational certificates, curriculum vitae (CV), proof of financial resources, and health insurance.

2. Research and preparation: Conduct thorough research on job opportunities in Germany, including the job market, industries, and companies relevant to your field of expertise. Prepare a targeted CV and cover letter tailored to the German job market.

3. Make an appointment: Schedule an appointment with the German embassy or consulate in your home country to submit your visa application.

4. Complete the application form: Fill out the job seeker visa application form accurately and provide all the required information.

5. Attend the visa interview: Visit the German embassy or consulate for the visa interview. Be prepared to discuss your qualifications, job search plan, and motivation for finding employment in Germany.

6. Pay the visa fee: Pay the required visa processing fee, which may vary depending on your home country.

7. Wait for the visa decision: After submitting your application and attending the interview, wait for the visa decision. The processing time may vary, so it's advisable to apply well in advance.

8. Travel to Germany: If your job seeker visa is approved, make travel arrangements to Germany and start your job search. Upon finding employment, you can apply for a work visa or a Blue Card.

It's important to consult the official website of the German embassy or consulate in your home country for detailed instructions and specific requirements for the job seeker visa application."""
Living Costs,What are the average living costs in Germany?,"""The average living costs in Germany can vary depending on the city or region you reside in. However, here are approximate average monthly expenses for a single person:

1. Accommodation: Rent for a one-bedroom apartment can range from €400 to €900, depending on the location. Shared accommodation or student dormitories may offer lower costs.

2. Utilities: The cost of utilities (electricity, heating, water) can range from €100 to €250 per month, depending on the size of the apartment and individual usage.

3. Health insurance: Health insurance premiums for public health insurance typically start from around €100 per month, but the exact cost depends on various factors such as age, income, and insurance provider.

4. Food and groceries: Monthly expenses for food and groceries can range from €150 to €300, depending on personal preferences, cooking habits, and shopping choices.

5. Transportation: Public transportation costs vary by city but generally range from €60 to €100 per month for a monthly pass. Additional expenses may include occasional taxi rides or intercity travel.

6. Communication: Mobile phone plans can cost around €20 to €40 per month, depending on the provider and included services.

7. Internet and TV: Internet and TV packages can range from €30 to €50 per month, depending on the speed, provider, and additional services.

8. Leisure and entertainment: Expenses for leisure activities, dining out, cultural events, and entertainment can vary greatly based on personal preferences. A rough estimate would be around €100 to €200 per month.

It's important to note that these are average estimates, and actual expenses may vary depending on individual lifestyles, cities, and personal choices. Additionally, costs may be higher for families or individuals with specific needs or preferences.

Other potential expenses to consider:

- Education expenses: If you are pursuing higher education in Germany, there may be additional costs such as tuition fees, study materials, and student organization fees. Tuition fees vary depending on the university and the degree program.

- Clothing and personal care: Expenses for clothing and personal care products can vary based on individual preferences and shopping habits. On average, budgeting around €50 to €100 per month for clothing and personal care can be reasonable.

- Gym or fitness membership: If you are interested in maintaining an active lifestyle and joining a gym or fitness center, monthly membership fees can range from €20 to €50, depending on the facility and location.

- Travel and vacations: Setting aside a portion of your budget for travel and vacations can be a great way to explore Germany and nearby European countries. The costs will depend on the destination, duration, and travel style.

- Insurance: Apart from health insurance, you may also need to consider other types of insurance, such as liability insurance or household insurance. The costs will vary depending on the coverage and insurance provider.

- Hobbies and recreational activities: Expenses related to hobbies, sports clubs, memberships, and recreational activities like cinema tickets or museum visits can add up. Allocate a portion of your budget for these activities based on your interests.

- Taxes: Depending on your employment status and income level, you may be subject to income taxes. It's advisable to consult with a tax professional or the local tax authority to understand your tax obligations.

- Miscellaneous expenses: It's always a good idea to have some extra funds for unforeseen expenses or miscellaneous items like household items, repairs, or personal emergencies.

- Saving and investments: Consider allocating a portion of your monthly budget for savings and investments to secure your financial future and meet long-term goals.

Remember, these are general estimates, and individual circumstances may vary. It's important to create a personalized budget based on your specific needs, income, and lifestyle choices. Regularly reviewing and adjusting your budget can help you stay financially balanced and

 achieve your financial goals."""
Transportation,What are the main modes of transportation in Germany?,"Germany has a well-developed transportation system that offers various modes of transportation. Here are the main ones:

1. Public Transportation: Germany has an extensive network of buses, trams, and trains that provide efficient and reliable public transportation services. Cities have their own local transportation systems, while the national railway operator, Deutsche Bahn, operates regional and long-distance train services.

2. Trains: Trains are a popular mode of transportation for both short and long-distance travel in Germany. The InterCity (IC) and InterCity Express (ICE) trains connect major cities and offer high-speed travel. Regional trains provide connections to smaller towns and rural areas.

3. Buses: Buses are commonly used for local transportation within cities and for regional travel between towns. They provide an affordable and convenient option for shorter distances.

4. Trams: Trams, also known as streetcars, are common in larger cities and offer transportation within the city limits. They provide a convenient way to move around and explore different neighborhoods.

5. U-Bahn and S-Bahn: U-Bahn (subway) and S-Bahn (urban commuter train) systems are available in major cities like Berlin, Munich, Hamburg, and Frankfurt. They offer rapid transit services within the city and its surrounding areas.

6. Taxis: Taxis are readily available in cities and can be hailed on the street or booked through mobile apps. They are more expensive than public transportation but offer a convenient door-to-door service.

7. Cycling: Germany has an extensive network of cycling paths and is known for its bicycle-friendly infrastructure. Cycling is a popular mode of transportation, especially in cities, and many people use bicycles for commuting and leisure activities.

8. Car Rental: Renting a car is an option for traveling in Germany, especially if you plan to explore rural areas or smaller towns. There are numerous car rental companies available, both at airports and in city centers.

9. Air Travel: For long-distance travel or international connections, Germany has several major airports, including Frankfurt, Munich, Berlin, Hamburg, and Düsseldorf. Domestic flights are available for traveling between different regions of the country.

It's important to note that the availability and efficiency of transportation options may vary depending on the location and size of the city or region in Germany."
Transportation,What is the process of getting a driver's license in Germany?,"The process of obtaining a driver's license in Germany involves several steps. Here's an overview of the process:

1. Theory Exam: Start by studying the German traffic rules and regulations. Enroll in a driving school (Fahrschule) and attend theory classes. Once you feel prepared, take the theory exam (written test) at the local driver's license authority (Führerscheinstelle). The exam includes multiple-choice questions on traffic laws, signs, and safe driving practices.

2. First Aid Course: Before you can take the practical driving lessons, you are required to complete a first aid course (Erste Hilfe Kurs). This course provides basic training in providing first aid in case of emergencies.

3. Vision Test: Visit an eye doctor to get your vision tested and obtain a vision certificate (Sehtestbescheinigung). Good eyesight is crucial for driving safely, and this certificate is a prerequisite for the driver's license application.

4. Practical Lessons: Attend practical driving lessons at a licensed driving school. The number of lessons required may vary depending on your skills and the driving instructor's assessment. The lessons cover different aspects of driving, including maneuvering, traffic rules, and defensive driving techniques.

5. Practical Exam: Once your driving instructor believes you are ready, schedule the practical driving exam (Fahrprüfung) with the local driver's license authority. The exam typically includes driving in various traffic situations and demonstrating your ability to handle the vehicle safely.

6. Provisional License: If you pass the practical exam, you will receive a provisional driver's license (Führerschein auf Probe). This license is valid for two to three years, during which you are considered a novice driver with certain restrictions, such as a lower alcohol limit and limitations on carrying passengers.

7. Full License: After successfully completing the provisional license period without any major traffic offenses, you can apply for the full driver's license (unbeschränkte Fahrerlaubnis). This allows you to drive without any restrictions.

It's important to note that the process may vary slightly depending on the state (Bundesland) in Germany. It's advisable to contact the local driver's license authority or a driving school for specific requirements and detailed information."
Transportation,What are the traffic rules and regulations in Germany?,"Germany has specific traffic rules and regulations that drivers must follow to ensure safety on the roads. Here are some key traffic rules and regulations in Germany:

1. Speed Limits: Speed limits vary depending on the type of road and the location. In urban areas, the speed limit is generally 50 km/h (31 mph), unless otherwise indicated. On rural roads, the speed limit is usually 100 km/h (62 mph), while on autobahns (freeways), certain sections have no specific speed limit. However, it is important to drive at a safe and appropriate speed according to the road conditions.

2. Right-of-Way: The general rule is to yield to vehicles coming from the right unless there are specific signs indicating otherwise. At intersections without traffic signs or signals, the vehicle on the right has the right-of-way.

3. Traffic Signals: Adhere to traffic signals and signs, including traffic lights, stop signs, yield signs, and priority signs. Red means stop, yellow means prepare to stop, and green means go. Follow the instructions indicated by the traffic signals.

4. Seat Belts: It is mandatory for all occupants of a vehicle to wear seat belts, including the driver and passengers in the front and back seats. Children must be secured in child seats appropriate for their age and size.

5. Mobile Phones: The use of handheld mobile phones while driving is strictly prohibited. It is only permitted to use hands-free devices, provided they do not distract the driver.

6. Overtaking: Overtake on the left side and return to the right lane after passing. It is generally not allowed to overtake on the right, except in specific situations or when the vehicle ahead is turning left.

7. Alcohol and Drugs: Driving under the influence of alcohol or drugs is illegal and strictly enforced. The legal blood alcohol concentration (BAC) limit is 0.05%, but it is advisable to avoid any alcohol consumption before driving.

8. Parking: Observe parking regulations and signage when parking your vehicle. Avoid parking in designated no-parking zones or blocking access for other vehicles or pedestrians.

9. Pedestrians: Give priority to pedestrians at crosswalks and intersections. Be cautious and yield to pedestrians crossing the road.

10. Winter Tires: In winter conditions, it is mandatory to use winter tires (with the M+S or snowflake symbol) or all-season tires that are suitable for snowy and icy road conditions. The use of summer tires is not permitted during winter months.

11. Emergency Vehicles: When emergency vehicles with flashing lights or sirens approach, yield the right-of-way and make way for them to pass. Move to the right and stop if necessary.

These are some general traffic rules in Germany, but it's important to familiarize yourself with the specific rules and regulations of the region you are driving in, as they may vary. Additionally, always drive responsibly, adapt to road conditions, and prioritize safety."
Transportation,Are there toll roads in Germany?,"Yes, there are toll roads in Germany, but the toll system is primarily applicable to heavy vehicles (trucks and buses) rather than private cars. Here are the key points about toll roads in Germany:

1. Autobahn Tolls: Private cars are generally not subject to tolls on the autobahn (freeways) in Germany. However, there are specific sections of some autobahns, such as tunnels or bridges, where tolls may be applicable. These tolls are typically collected through toll booths or electronic toll collection systems.

2. Heavy Vehicle Toll (LKW-Maut): Heavy vehicles with a gross vehicle weight of over 3.5 tons are subject to a toll known as the Heavy Vehicle Toll or LKW-Maut. This toll applies to trucks, buses, and certain types of trailers. The toll amount is calculated based on factors such as distance traveled, the number of axles, and the vehicle's emission category.

3. Toll Payment Methods: The Heavy Vehicle Toll can be paid through various methods, including electronic toll collection systems such as Toll Collect. This system uses onboard units (OBU) installed in vehicles to track toll usage and deduct the toll charges automatically.

4. Toll Exemptions: Some vehicles and specific situations may be exempt from tolls. For example, emergency vehicles, certain agricultural vehicles, and vehicles used for public services may be exempt. It's advisable to check the official regulations or consult with relevant authorities for detailed information on toll exemptions.

5. Road Vignettes: Unlike some neighboring countries, Germany does not require road vignettes or stickers for private cars to use the roads. However, there are countries, such as Austria and Switzerland, that require vignettes if you plan to travel from Germany to these countries.

It's important to note that toll regulations and requirements may change over time. If you are planning to travel in Germany and want to confirm the latest information regarding tolls, it's advisable to check official sources or consult with relevant authorities."
Transportation,What is the public transportation system like in Berlin?,"Berlin has an extensive and well-developed public transportation system that offers various options for getting around the city. Here's an overview of the public transportation system in Berlin:

1. Berlin U-Bahn: The U-Bahn is the underground metro system in Berlin. It consists of several lines (U1 to U9) that cover the city and provide fast and efficient transportation. The U-Bahn operates from early morning until midnight, and some lines offer 24-hour service on weekends.

2. Berlin S-Bahn: The S-Bahn is the urban commuter train system in Berlin. It connects the city center with the surrounding areas, including suburbs and neighboring cities. The S-Bahn lines are designated with the letter ""S"" followed by a number.

3. Trams: Trams, also known as streetcars, are a popular mode of transportation in Berlin. The tram network covers various parts of the city, including both central and suburban areas. Trams are particularly useful for traveling within neighborhoods and areas not directly served by the U-Bahn or S-Bahn.

4. Buses: Berlin has an extensive bus network that complements the U-Bahn, S-Bahn, and tram services. Buses cover the entire city and provide additional transportation options, especially in areas with limited or no rail connections. Night buses (N lines) operate during the night when other services are reduced or not available.

5. Ferries: Berlin is known for its numerous lakes and waterways, and ferries provide a unique mode of transportation in certain areas. Ferries operate on the Spree River and connect different parts of the city, offering scenic routes and alternative transportation options.

6. Tickets and Fares: To use public transportation in Berlin, you need a valid ticket. The fare system is based on zones, and the ticket prices depend on the number of zones you travel through. Berlin has an integrated fare system, which means that a single ticket is valid for multiple modes of transportation (e.g., U-Bahn, S-Bahn, tram, and bus) within the specified time limit.

7. Ticket Validation: It's important to validate your ticket before starting your journey. Tickets can be validated using the validation machines available on platforms or inside buses and trams. Failure to validate your ticket may result in a fine if checked by ticket inspectors.

8. Timetables and Maps: Timetables and route maps are available at stations, on platforms, and online. These resources provide information on schedules, connections, and the best routes to reach your destination.

9. Accessibility: Berlin's public transportation system is designed to be accessible for people with disabilities. Many stations and vehicles are equipped with facilities such as elevators, ramps, and designated spaces for wheelchair users.

10. Bike Sharing: Berlin has bike-sharing systems that allow you to rent bicycles for short trips. These bikes can be easily rented and returned at designated stations throughout the city.

Overall, Berlin's public transportation system offers a convenient and efficient way to navigate the city, with extensive coverage and various options to suit different travel needs."
Healthcare,How does healthcare in Germany work?,"Germany has a well-regarded healthcare system that provides comprehensive coverage to its residents. Here's an overview of how healthcare works in Germany:

1. Statutory Health Insurance (Gesetzliche Krankenversicherung): The majority of residents in Germany are covered by statutory health insurance, also known as public health insurance. It is a mandatory system that offers basic healthcare coverage to individuals and their dependents. Contributions to health insurance are shared between employees and employers based on income.

2. Private Health Insurance (Private Krankenversicherung): Private health insurance is an alternative to statutory health insurance and is available to certain groups, such as self-employed individuals, high-income earners, and certain professionals. Private health insurance offers more flexibility and additional benefits but may have higher premiums.

3. Coverage and Benefits: The German healthcare system provides comprehensive coverage for a wide range of medical services, including doctor visits, hospital stays, prescription medications, preventive care, and maternity care. The coverage extends to both acute and chronic conditions.

4. Choice of Doctors and Specialists: Patients in Germany have the freedom to choose their primary care doctors (Hausarzt) and specialists directly without the need for a referral. This allows individuals to have greater control over their healthcare decisions.

5. Co-payments: While most medical services are covered by health insurance, patients may be required to make small co-payments for certain treatments, medications, or medical aids. These co-payments are typically a percentage of the cost and are capped to prevent excessive financial burden.

6. Waiting Times: The German healthcare system is known for its relatively short waiting times for medical treatments and procedures. However, the waiting times can vary depending on the demand and urgency of the medical condition.

7. Pharmacies and Medications: Pharmacies in Germany play a crucial role in providing medications. Prescription medications can be obtained from pharmacies, and patients are usually responsible for a small co-payment. Over-the-counter medications and other health-related products are also available at pharmacies.

8. Electronic Health Card (elektronische Gesundheitskarte): The electronic health card is a personalized card issued to individuals covered by statutory health insurance. It stores essential health information and facilitates smooth communication between healthcare providers.

9. Long-Term Care Insurance: Germany has a separate long-term care insurance system (Pflegeversicherung) to cover long-term care needs, such as nursing care and assistance for individuals with chronic illnesses or disabilities. Contributions to long-term care insurance are also shared between employees and employers.

10. Quality and Standards: The German healthcare system maintains high standards of quality and safety. Healthcare providers must meet specific criteria and adhere to regulations to ensure patient safety and effective treatment.

It's important to note that healthcare in Germany is constantly evolving, and specific details may vary. For accurate and up-to-date information, it's advisable to consult official sources or healthcare professionals in Germany."
Healthcare,Are there any additional health insurance options in Germany?,"In addition to statutory health insurance and private health insurance, there are a few additional health insurance options available in Germany. Here are some examples:

1. Supplementary Health Insurance (Zusatzversicherung): Supplementary health insurance allows individuals to enhance their existing health insurance coverage by adding additional benefits and services. These may include coverage for alternative medicine, dental care, private hospital rooms, or additional treatments not covered by standard health insurance.

2. Travel Health Insurance (Reisekrankenversicherung): Travel health insurance provides coverage for medical expenses during trips abroad. It can be useful for individuals visiting Germany or German residents traveling outside the country. Travel health insurance typically covers emergency medical treatment, repatriation, and other related costs.

3. Dental Insurance (Zahnzusatzversicherung): Dental insurance provides coverage specifically for dental treatments and procedures. It can help offset the costs of routine dental care, orthodontics, or more extensive dental work.

4. Accident Insurance (Unfallversicherung): Accident insurance provides financial protection in the event of an accident resulting in injury or disability. It may cover medical expenses, rehabilitation costs, and disability benefits.

5. Critical Illness Insurance (Schwere-Krankheiten-Versicherung): Critical illness insurance offers coverage for specific serious illnesses, such as cancer, heart disease, or stroke. It provides a lump sum payment upon diagnosis of a covered illness, which can be used to cover medical expenses or other financial needs.

6. International Health Insurance (Internationale Krankenversicherung): International health insurance is designed for individuals who require coverage both in Germany and in other countries. It offers a more comprehensive level of health insurance for international travelers or individuals with a global lifestyle.

7. Professional Association Health Insurance (Berufsgenossenschaftliche Krankenversicherung): Certain professional groups, such as artists, farmers, or public servants, may have specialized health insurance options through professional associations or organizations.

It's important to carefully review the terms, coverage, and costs associated with additional health insurance options to determine their suitability for individual needs. Consulting with insurance providers or insurance brokers can provide more detailed information on the available options."
Education,What is the education system like in Germany?,"The education system in Germany is known for its high quality and strong emphasis on academic and vocational training. Here are some key features of the education system:

1. Early Education (Kindergarten): Early education is not compulsory in Germany but is widely available. Children usually attend kindergarten from the age of three until they start primary school.

2. Primary Education (Grundschule): Primary education in Germany typically lasts for four years, from grades 1 to 4. Students receive a broad education covering subjects such as mathematics, German language, social studies, natural sciences, and physical education.

3. Secondary Education (Sekundarstufe I): After completing primary education, students move on to secondary education, which is divided into two phases: lower secondary (grades 5 to 9 or 10) and upper secondary (grades 10 or 11 to 12 or 13). Lower secondary education focuses on core subjects and offers a range of elective courses.

4. Secondary School Tracks: At the end of lower secondary education, students are typically placed into one of several secondary school tracks based on their academic performance and career goals. These tracks include Gymnasium (college-preparatory school), Realschule (intermediate school), and Hauptschule (vocational-oriented school).

5. Vocational Education and Training (Berufsschule): Vocational education and training (VET) programs are available for students who opt for a more hands-on and practical approach to learning. VET combines classroom instruction with on-the-job training and typically leads to recognized vocational qualifications.

6. Upper Secondary Education (Sekundarstufe II): Upper secondary education comprises grades 10 or 11 to 12 or 13, depending on the school track. Gymnasium students can continue to pursue the Abitur, a qualification that grants access to higher education.

7. Tertiary Education: Tertiary education in Germany includes universities, technical universities, and colleges of art, music, and film. Bachelor's, master's, and doctoral degrees are offered across various disciplines.

8. Dual Education System: Germany is known for its dual education system, which combines vocational training in a company with classroom-based learning. This system allows students to acquire practical skills while earning a salary.

9. International Schools: Germany also has a range of international schools that cater to the needs of expatriate and international students. These schools often follow international curricula and offer instruction in multiple languages.

The education system in Germany is highly regarded globally, and it places a strong emphasis on providing students with a well-rounded education and preparing them for future careers or higher education opportunities."
Education,What is the grading system in German schools and universities?,"The grading system in German schools and universities typically follows a scale from 1 to 6, with 1 being the highest and 6 being the lowest. Here is a breakdown of the grading system:

1 (Sehr Gut): Excellent (90-100%)
2 (Gut): Good (80-89%)
3 (Befriedigend): Satisfactory (70-79%)
4 (Ausreichend): Sufficient (60-69%)
5 (Mangelhaft): Poor/Fail (50-59%)
6 (Ungenügend): Very Poor/Fail (below 50%)

Grades may also be represented using a point system, with 15 points equivalent to a grade of 1 and 0 points for a grade of 6. The grading scale may vary slightly depending on the educational institution and the specific course or subject.

At universities, grades are often given in the form of percentages or grade points. The grading scale and point system used at universities can vary, so it's important to refer to the specific institution's guidelines or grading regulations for accurate information.

Additionally, a distinction is made between pass/fail grades and grades used to calculate the overall grade point average (GPA). The GPA is typically calculated based on the credit hours and grades earned in individual courses throughout a degree program.

It's important to note that grading practices may differ between schools and universities, so it's advisable to refer to the institution's guidelines or consult with professors or academic advisors for specific information regarding grading."
Education,What are the options for higher education in Germany?,"Germany offers a wide range of options for higher education, including universities, technical universities, colleges of art, music, and film, universities of applied sciences, dual universities, research institutes and graduate schools, and distance learning universities. Here's a breakdown of the main types of higher education institutions in Germany:

1. Universities (Universitäten): Universities in Germany provide a comprehensive range of academic disciplines and research-oriented programs. They offer bachelor's, master's, and doctoral degrees across various fields of study.

2. Technical Universities (Technische Universitäten): Technical universities specialize in engineering, science, and technology-related fields. They offer programs in subjects such as engineering, computer science, natural sciences, and architecture.

3. Colleges of Art, Music, and Film (Kunsthochschulen, Musikhochschulen, Filmhochschulen): These institutions focus on artistic and creative disciplines, including fine arts, music, design, theater, dance, and film. They provide specialized training and education in their respective fields.

4. Universities of Applied Sciences (Fachhochschulen): Universities of Applied Sciences offer practice-oriented degree programs in areas such as engineering, business administration, social work, media, and applied sciences. They often have strong ties to the industry and emphasize practical training and internships.

5. Dual Universities (Duale Hochschulen): Dual universities follow the dual education system and combine academic studies with on-the-job training. Students alternate between classroom instruction and practical work experience in partner companies.

6. Research Institutes and Graduate Schools: Germany is home to numerous research institutes and graduate schools that focus on specific fields of study or interdisciplinary research. These institutions provide advanced research opportunities and often offer doctoral programs.

7. Distance Learning Universities: Germany also has distance learning universities that provide flexible study options for individuals who cannot attend traditional on-campus programs. These universities offer online courses and degree programs that can be pursued remotely.

When choosing a higher education institution in Germany, it's important to consider your academic interests, career goals, and the reputation of the program. Each type of institution has its own strengths and characteristics, so researching their websites, admission requirements, and course offerings will help you find the best fit for your educational journey."
Healthcare and Insurance,What are the healthcare and insurance systems like in Germany?,"Germany has a comprehensive healthcare system that ensures high-quality medical care for its residents. Here are the key features of the healthcare and insurance systems in Germany:

1. Statutory Health Insurance (Gesetzliche Krankenversicherung, GKV): Statutory health insurance is mandatory for most residents in Germany. It covers a broad range of medical services, including doctor visits, hospital stays, medications, and preventive care. Contributions to statutory health insurance are based on a percentage of income and are typically shared between the employee and the employer.

2. Private Health Insurance (Private Krankenversicherung, PKV): Private health insurance is available as an alternative to statutory health insurance. It is commonly chosen by self-employed individuals, high-income earners, and certain professional groups. Private health insurance offers more extensive coverage but comes with higher premiums and eligibility requirements.

3. Healthcare Providers: Germany has a network of healthcare providers that includes general practitioners (Hausarzt), specialists, hospitals, and clinics. Patients usually begin with a visit to their general practitioner, who can refer them to specialists if necessary.

4. Co-Payments: Patients in Germany are responsible for co-payments known as Zuzahlungen. These co-payments are usually a percentage of the medical costs and apply to certain services and medications.

5. Medical Emergency Services: In case of medical emergencies, Germany has well-developed emergency medical services (Notarzt) and a nationwide emergency number (112). Hospitals have emergency departments that operate 24/7 to provide immediate care.

6. Prescription Medication: Prescription medication in Germany is generally covered by health insurance. Patients typically pay a portion of the medication cost as a co-payment.

7. Long-Term Care Insurance: Germany has a mandatory long-term care insurance system (Pflegeversicherung) that provides coverage for long-term care services for individuals who require assistance with daily activities due to illness, disability, or old age.

8. International Health Insurance: Non-EU citizens without a work visa and certain other individuals who are not eligible for statutory health insurance may need to obtain international health insurance to meet visa requirements and ensure access to healthcare services.

It's important to note that specific details and regulations may vary, so it's advisable to consult health insurance providers, healthcare professionals, or the local health authority for detailed information regarding healthcare and insurance systems in Germany."
Education,What are the requirements for international students to study in Germany?,"International students interested in studying in Germany must fulfill certain requirements to be eligible for admission to a German university. Here are the main requirements for international students:

1. Higher Education Entrance Qualification: International students must have an equivalent qualification to the German higher education entrance qualification (Abitur) to be eligible for admission to a bachelor's degree program. The specific requirements vary depending on the country and educational system.

2. Language Proficiency: Proficiency in the German language is essential for most undergraduate programs taught in German. International students are generally required to provide proof of their German language skills by taking recognized language proficiency tests such as TestDaF or DSH. Some universities may offer preparatory language courses for international students.

3. English Language Proficiency: If applying to an English-taught program, international students must provide proof of English language proficiency through recognized tests such as TOEFL or IELTS. The specific score requirements may vary depending on the university and program.

4. Application Process: International students must submit their applications through the university's online application portal or the national application platform, Uni-Assist. The application process typically involves submitting academic transcripts, a motivation letter, a CV, and letters of recommendation. Some programs may require additional documents, such as a portfolio for artistic disciplines.

5. Financial Resources: International students are required to demonstrate sufficient financial resources to cover their living expenses in Germany. This can be done by providing bank statements, scholarship award letters, or other proof of financial support.

6. Health Insurance: International students must have health insurance coverage that meets the German requirements. This can be either statutory health insurance or private health insurance.

7. Visa Requirements: Non-EU/EEA international students are generally required to obtain a student visa to study in Germany. The visa application process includes providing proof of admission to a German university, proof of financial resources, health insurance coverage, and a valid passport.

It's important to note that the requirements may vary depending on the university, program, and country of origin. It's advisable to consult the official website of the respective university and the German diplomatic mission in your home country for detailed and up-to-date information regarding the requirements for international students to study in Germany."
Education,What are the available scholarships for international students to study in Germany?,"Germany offers various scholarships and funding opportunities for international students to support their studies. Here are some of the available scholarships:

1. DAAD Scholarships: The German Academic Exchange Service (DAAD) provides a wide range of scholarships for international students. These scholarships include the DAAD Scholarship for Postgraduate Studies, the DAAD Master's Scholarships for Public Policy and Good Governance, the DAAD Helmut-Schmidt-Programme (Master’s Scholarships for Public Policy and Good Governance), and many others. These scholarships cover tuition fees, monthly stipends, travel allowances, and health insurance.

2. Deutschlandstipendium: The Deutschlandstipendium is a merit-based scholarship that provides financial support to both domestic and international students. It is funded by the German government, private organizations, and companies. The scholarship amount is €300 per month and is awarded for at least one year.

3. Erasmus+ Scholarships: Erasmus+ is a European Union (EU) program that offers scholarships and study opportunities for students across Europe, including Germany. It supports mobility programs such as student exchanges, internships, and joint degree programs.

4. Heinrich Böll Foundation Scholarships: The Heinrich Böll Foundation offers scholarships for international students pursuing a master's or doctoral degree in Germany. These scholarships are awarded based on academic excellence and commitment to social and environmental issues.

5. Konrad-Adenauer-Stiftung Scholarships: The Konrad-Adenauer-Stiftung provides scholarships to international students who demonstrate strong leadership potential and a commitment to democracy, the rule of law, and social market economy.

6. Friedrich Ebert Foundation Scholarships: The Friedrich Ebert Foundation offers scholarships for talented international students who show a commitment to social democracy and social justice.

7. Study-specific Scholarships: Many universities and colleges in Germany offer study-specific scholarships for international students. These scholarships are often discipline-specific and are awarded based on academic achievements and other criteria.

8. Government Scholarships: Some countries offer government-sponsored scholarships for their citizens to study in Germany. Examples include the Chevening Scholarships (United Kingdom), Fulbright Scholarships (United States), and many others.

9. Corporate and Foundation Scholarships: Various corporations, foundations, and organizations in Germany offer scholarships for international students. These scholarships are often industry-specific or target students from specific countries or regions.

It's important to research and explore all available scholarship opportunities, as each scholarship has specific eligibility criteria and application procedures. Additionally, it's advisable to check with the respective university's international office for information on institutional scholarships and funding options."
Housing,What are the different types of housing options available in Germany?,"Germany offers a variety of housing options to accommodate different preferences and budgets. Here are some common types of housing in Germany:

1. Apartments (Wohnung): Apartments are a popular housing choice in Germany, ranging from small studios to spacious multi-room units. They can be rented or purchased and are often located in residential buildings or apartment complexes.

2. Houses (Haus): Houses in Germany can be detached (Einfamilienhaus), semi-detached (Doppelhaushälfte), or terraced (Reihenhaus). Houses typically provide more space and privacy compared to apartments, and they often come with a garden or yard.

3. Student Dormitories (Studentenwohnheim): Student dormitories are affordable housing options primarily for students. They offer individual rooms or shared apartments with communal facilities such as kitchens and bathrooms. Dormitories are usually located near universities or colleges.

4. Shared Apartments (Wohngemeinschaft/WG): Shared apartments, known as WGs, are a popular choice among students and young professionals. In a WG, multiple individuals rent a larger apartment together and share common spaces like the kitchen and bathroom.

5. Subletting (Untermiete): Subletting involves renting a portion or the entire apartment from a tenant who has an existing lease. This option can provide temporary housing solutions or an opportunity to explore different neighborhoods before committing to a long-term rental contract.

6. Serviced Apartments (Möblierte Wohnungen): Serviced apartments are fully furnished apartments that can be rented for short-term or extended stays. They are equipped with all necessary amenities and utilities, making them convenient for individuals or families relocating to Germany.

7. Co-living Spaces: Co-living spaces are gaining popularity in urban areas, offering a mix of private and shared living spaces. These spaces often provide amenities like communal kitchens, lounges, and social events, fostering a sense of community among residents.

8. Senior Housing (Seniorenwohnungen): Senior housing options cater to older adults and provide age-friendly features and services. These include independent living communities, assisted living facilities, and nursing homes, depending on the level of care needed.

9. Temporary Accommodation: Temporary accommodation options, such as furnished apartments or aparthotels, are suitable for individuals or families in need of short-term housing during relocation or while searching for a more permanent home.

10. Rural Housing: Germany's countryside offers rural housing options like farmhouses, cottages, or rural estates. These properties provide a tranquil living environment and are ideal for those seeking a quieter lifestyle away from urban centers.

It's important to consider factors such as location, rental prices, amenities, and proximity to public transportation when choosing a housing option in Germany. Availability and rental costs may vary depending on the city or region. It's recommended to consult real estate agencies, online platforms, and local housing websites to explore housing opportunities in your desired area."
Education, What are some top universities in Germany?,"Yes, those are indeed some of the top-ranked universities in Germany. Here is a brief overview of each university:

1. Technical University of Munich (TUM): TUM is one of Europe's leading technical universities and offers a wide range of programs in engineering, natural sciences, life sciences, and medicine. It is known for its strong research focus and collaborations with industry.

2. Ludwig Maximilian University of Munich (LMU): LMU is one of the oldest universities in Germany and offers a comprehensive range of disciplines, including humanities, social sciences, natural sciences, and medicine. It is known for its academic excellence and vibrant research environment.

3. Heidelberg University: Heidelberg University is a renowned research university and one of the oldest universities in Germany. It offers a wide range of disciplines and is particularly strong in the fields of humanities, social sciences, natural sciences, and medicine.

4. Humboldt University of Berlin: Humboldt University of Berlin is one of Berlin's oldest universities and is known for its strong emphasis on research and academic excellence. It offers a diverse range of programs in various fields, including humanities, social sciences, natural sciences, and medicine.

5. Freie Universität Berlin: Freie Universität Berlin is a leading research university known for its interdisciplinary approach to education and research. It offers a wide range of programs in humanities, social sciences, natural sciences, and medicine.

6. RWTH Aachen University: RWTH Aachen University is a technical university with a strong focus on engineering and natural sciences. It is known for its cutting-edge research and collaboration with industry. The university offers a wide range of programs in engineering, natural sciences, and medicine.

7. University of Tübingen: The University of Tübingen is a research university known for its excellence in humanities, social sciences, natural sciences, and medicine. It has a long history of academic achievements and offers a wide range of programs.

8. Karlsruhe Institute of Technology (KIT): KIT is a renowned technical university that excels in engineering, natural sciences, and computer science. It is known for its research-oriented approach and offers a range of programs in these fields.

9. University of Freiburg: The University of Freiburg is a comprehensive research university known for its excellence in humanities, social sciences, natural sciences, and medicine. It offers a wide range of programs and has a strong reputation for its research contributions.

10. University of Göttingen: The University of Göttingen is a research university known for its strengths in humanities, social sciences, natural sciences, and medicine. It has a rich academic tradition and offers a diverse range of programs.

These universities are highly regarded for their academic quality, research contributions, and international reputation. However, it's important to note that the ""top"" universities can vary depending on different rankings and individual preferences. Prospective students should thoroughly research each university and consider their specific academic interests and career goals when making a decision."
Education,Which universities in Germany are known for engineering and technology?,"The Technical University of Munich (TUM), RWTH Aachen University, Karlsruhe Institute of Technology (KIT), and the University of Stuttgart are indeed renowned for their engineering and technology programs. Here is some additional information about each university:

1. Technical University of Munich (TUM): TUM is consistently ranked among the top universities in the world for engineering and technology. It offers a wide range of programs in fields such as mechanical engineering, electrical engineering, computer science, aerospace engineering, and more. TUM is known for its strong ties to industry and its focus on practical, application-oriented research.

2. RWTH Aachen University: RWTH Aachen University is one of the largest and most renowned technical universities in Germany. It has a strong emphasis on engineering and offers a wide range of programs in various disciplines, including mechanical engineering, electrical engineering, computer science, civil engineering, and materials science. The university is known for its state-of-the-art research facilities and collaborations with industry partners.

3. Karlsruhe Institute of Technology (KIT): KIT is a leading technical university that specializes in science, engineering, and technology. It offers a broad range of programs in areas such as mechanical engineering, electrical engineering, computer science, civil engineering, and chemical engineering. KIT is known for its interdisciplinary research, innovation, and collaboration with industry.

4. University of Stuttgart: The University of Stuttgart has a strong reputation in engineering and technology fields. It offers a wide range of programs in areas such as mechanical engineering, civil engineering, aerospace engineering, electrical engineering, and computer science. The university's research activities focus on applied sciences and engineering innovations.

These universities not only provide excellent academic programs but also offer extensive research opportunities, modern facilities, and strong connections with industry partners. They are at the forefront of technological advancements and provide students with a solid foundation for pursuing successful careers in engineering and technology. Prospective students interested in these fields should explore the specific programs, research areas, and opportunities offered by each university to find the best fit for their academic and career goals."
Education, Are there any top-ranked universities in Germany specializing in the field of medicine?,"Certainly! Germany is home to several prestigious universities that are known for their medical programs and research. Here are some notable institutions:

1. Heidelberg University: Heidelberg University is renowned for its medical faculty and affiliated hospitals. It offers a comprehensive range of medical programs and is known for its research in various medical fields. The university's Faculty of Medicine consistently ranks among the top medical faculties in Germany.

2. Charité - Universitätsmedizin Berlin: Charité is a joint medical school of Freie Universität Berlin and Humboldt University of Berlin. It is one of the largest university hospitals in Europe and has a long history of excellence in medical education, research, and patient care. Charité is particularly renowned for its clinical programs and research in diverse medical disciplines.

3. Ludwig Maximilian University of Munich (LMU Munich): LMU Munich is one of Germany's oldest and most renowned universities. Its Faculty of Medicine offers a wide range of medical programs and has a strong focus on interdisciplinary research collaborations. The university has made significant contributions to medical advancements and is highly regarded internationally.

4. University of Tübingen: The University of Tübingen's Faculty of Medicine has a strong reputation for excellence in medical education and research. The faculty is known for its innovative approaches to medical training and its contributions to medical science. Tübingen is a hub for cutting-edge research and offers a vibrant academic environment for medical students.

5. University of Freiburg: The University of Freiburg's Faculty of Medicine is known for its high-quality medical education and research. The faculty emphasizes a patient-centered approach and fosters collaboration between clinical care and research. The university has a strong network of hospitals and research institutes that contribute to its medical programs.

These universities offer exceptional medical programs, state-of-the-art research facilities, and collaborations with renowned hospitals and medical institutions. They provide students with comprehensive medical education and research opportunities to excel in the field of medicine. Prospective students interested in medical studies should explore the specific programs, research areas, and opportunities offered by each university to find the best fit for their academic and career goals."
Education,Which universities in Germany are known for their business and management programs?," Germany is home to several renowned universities that excel in business and management education. Here are some notable institutions in this field:

1. University of Mannheim (Business School): The University of Mannheim's Business School is highly regarded for its business and management programs. It is consistently ranked among the top business schools in Germany and Europe. The school offers a wide range of undergraduate and graduate programs, including a prestigious Master's in Business Administration (MBA) program.

2. WHU - Otto Beisheim School of Management: WHU is a leading private business school in Germany known for its excellence in management education. It offers a variety of programs, including a Bachelor's in International Business Administration, a Master's in Management, and an MBA. WHU has strong ties to the corporate world and offers extensive networking and career development opportunities for its students.

3. Frankfurt School of Finance & Management: The Frankfurt School of Finance & Management specializes in finance and management education. It offers undergraduate, graduate, and doctoral programs, including a Master's in Management, Master's in Finance, and an MBA. The school is known for its strong focus on practical application and close collaboration with the financial industry.

4. Ludwig Maximilian University of Munich (LMU) - Faculty of Business Administration: The Faculty of Business Administration at LMU Munich is highly regarded for its business and management programs. It offers a comprehensive range of undergraduate and graduate programs, including a Master's in Business Administration (MBA). The faculty is known for its rigorous academic standards and research contributions.

5. HHL Leipzig Graduate School of Management: HHL Leipzig is a private business school that offers a diverse range of management programs, including a Master's in Management, an MBA, and doctoral programs. HHL Leipzig is known for its entrepreneurial focus and innovative approach to management education. The school emphasizes practical learning, leadership development, and start-up support.

These universities provide high-quality business and management education, international perspectives, and strong connections to the business world. They often have partnerships with leading companies and offer opportunities for internships, corporate projects, and networking events. Prospective students interested in business and management studies should explore the specific programs, faculty, and career services offered by each institution to find the best fit for their academic and professional goals."
Education, Are there any top-ranked universities in Germany specializing in the field of computer science?,"Indeed, Germany is home to prestigious universities that excel in computer science and related fields. Here are some notable institutions in this domain:

1. Technical University of Munich (TUM) - Department of Informatics: TUM's Department of Informatics is highly regarded for its computer science programs. It offers a wide range of undergraduate and graduate programs, including Bachelor's and Master's degrees in Computer Science, Data Engineering, and Robotics, among others. The department emphasizes interdisciplinary research and provides state-of-the-art facilities for students and researchers.

2. Karlsruhe Institute of Technology (KIT) - Department of Informatics: The Department of Informatics at KIT is known for its strong focus on research and innovation. It offers various programs in computer science, including Bachelor's and Master's degrees, as well as doctoral programs. The department collaborates closely with industry partners, providing students with opportunities to work on real-world projects and cutting-edge technologies.

3. RWTH Aachen University - Computer Science Department: RWTH Aachen's Computer Science Department is recognized for its excellence in computer science education and research. It offers a comprehensive range of programs, including Bachelor's and Master's degrees in Computer Science, Data Science, and Media Informatics. The department has a strong emphasis on practical application and fosters collaborations with industry partners and research institutions.

4. University of Saarland - Department of Computer Science: The Department of Computer Science at the University of Saarland is renowned for its research contributions and innovative teaching methods. It offers Bachelor's and Master's programs in Computer Science, as well as doctoral programs. The department has a focus on areas such as artificial intelligence, cybersecurity, and human-computer interaction.

These universities provide students with access to state-of-the-art facilities, cutting-edge research opportunities, and collaborations with industry partners. They often have strong ties to the tech industry, offering internships, research projects, and career development support. Prospective students interested in computer science should explore the specific programs, research areas, and faculty expertise offered by each institution to find the best fit for their academic and career aspirations."
Type of Housing,WG-Gesucht,https://www.wg-gesucht.de/en/
Type of Housing,Studenten-WG,https://housinganywhere.com/de/?utm_source=StudentenWG
Type of Housing,Studenten-Wohnung,http://www.studenten-wohnung.de/
Type of Housing,Uniplaces,http://www.uniplaces.com/
Type of Housing,Erasmus,http://www.erasmusu.com/
Type of Housing,Studierendenwerk,http://www.studierendenwerk.de/
Type of Housing,HousingAnywhere,http://www.housinganywhere.com/
Type of Housing,Studenten-Wohnen,http://www.studenten-wohnen.de/
Type of Housing,Studenten-Wohnungsmarkt,http://www.studenten-wohnungsmarkt.de/
Type of Housing,Studenten-Immo,http://www.studenten-immo.de/
Type of Housing,Studenten-WG,http://www.studenten-wg.de/
Type of Housing,Meinestadt/My City,http://www.meinestadt.de/
Type of Housing,Studierende/Students,http://www.studieren.de/
Type of Housing,Dein-Studentenwohnheim,http://www.dein-studentenwohnheim.de/
Type of Housing,Studi-Whg,http://www.studi-whg.de/
Type of Housing,StudiVZ,http://www.studivz.net/
Type of Housing,Wohnungshelden,http://www.wohnungshelden.de/
Type of Housing,MeinQuadrat,http://www.meinquadrat24.de/
Type of Housing,College Life,http://www.college-life.de/
Type of Housing,Airbnb,http://www.airbnb.com/
Type of Housing,Booking,http://booking.com/
Type of Housing,HomeAway,http://www.homeaway.com/
Type of Housing,VRBO,http://www.vrbo.com/
Type of Housing,FlipKey,http://www.flipkey.com/
Type of Housing,Wimdu,https://www.wimdu.com/
Type of Housing,9flats,http://www.9flats.com/
Type of Housing,Expedia,http://www.expedia.com/
Type of Housing,Holidu,holidu.com
Type of Housing,TripAdvisor,tripadvisor.com
Type of Housing,FeWo-direkt,fewo-direkt.de
Type of Housing,Interhome,interhome.com
Type of Housing,TUI Ferienhaus,tui-ferienhaus.de
Type of Housing,Fewo24,fewo24.de
Type of Housing,Casamundo,casamundo.com
Type of Housing,Agoda,agoda.com
Type of Housing,e-domizil,e-domizil.de
Type of Housing,Only-apartments,only-apartments.com
Type of Housing,locasun,locasun.de
Type of Housing,HolidayLettings,holidaylettings.co.uk
Type of Housing,ImmobilienScout24,ImmobilienScout24.de
Type of Housing,Immowelt,immowelt.de
Type of Housing,Nestpick,nestpick.com
Type of Housing,Expat,expat.com
Type of Housing,JustLanded,justlanded.com
Type of Housing,Toytown Germany,toytowngermany.com
Type of Housing,The Local Germany,thelocal.de
Type of Housing,HomeCompany,homecompany.de
Type of Housing,HousingAnywhere,housinganywhere.com
Type of Housing,Expatica,expatica.com
Type of Housing,Settle in Berlin,settle-in-berlin.com
Type of Housing,Smart Expat,smartexpat.com
Type of Housing,Immopool,immopool.de
Type of Housing,Erento,erento.com
Type of Housing,Homelike,thehomelike.com
Type of Bank Accounts in Germany,"Deutsche Bank, Commerz Bank, DZ Bank","These are traditional banks that offer a wide range of services, including savings accounts, checking accounts, loans, mortgages, and investment products"
Type of Bank Accounts in Germany,"Volksbanken Raiffeisenbanken, VR Bank, and Raiffeisenbank.","Also known as ""Volksbanken"" or ""Raiffeisenbanken,"" cooperative banks are owned by their members and focus on serving local communities. They provide similar services to commercial banks but operate on a cooperative business model."
Type of Bank Accounts in Germany,"Sparkasse, Landesbank, and Kreissparkasse","Known as ""Sparkassen,"" savings banks are publicly owned and operate at the regional or municipal level. They provide banking services to individuals, small businesses, and local governments"
Type of Bank Accounts in Germany,"N26, ING-DiBa, and DKB (Deutsche Kreditbank)","Online banks operate primarily through digital platforms, offering online banking services, savings accounts, and often competitive interest rates."
Type of Bank Accounts in Germany,KfW Bank (Kreditanstalt für Wiederaufbau) and Landesbanken,"These banks are focused on promoting economic development and providing financial support to specific sectors such as small businesses, infrastructure projects, and housing"
Type of Bank Accounts in Germany,"Citibank, HSBC, and Barclays",
Types of Bank Accounts suited for Immigrants,Basic Current Account (Girokonto),"A standard bank account for everyday banking transactions, such as receiving income and making payments"
Types of Bank Accounts suited for Immigrants,Online Current Account,"A bank account that primarily operates online, offering convenience and accessibility through digital platforms."
Types of Bank Accounts suited for Immigrants,Joint Account,"An account shared with a partner, family member, or roommate for managing shared expenses."
Types of Bank Accounts suited for Immigrants,Student Current Account,"Specifically designed for students, offering benefits such as low or waived fees and additional perks."
Types of Bank Accounts suited for Immigrants,Business Current Account (Geschäftskonto),Suitable for self-employed individuals or entrepreneurs managing business-related finances.
Types of Bank Accounts suited for Immigrants,Savings Account (Sparbuch),A type of account that helps you save money while earning interest on your deposits.
Types of Bank Accounts suited for Immigrants,Investment Account (Wertpapierdepot),"Designed for investing in stocks, bonds, and other financial instruments."
Types of Bank Accounts suited for Immigrants,Foreign Currency Account (Devisenkonto),"Allows you to hold and transact in foreign currencies, which can be useful if you have income or expenses in another currency."
Types of Bank Accounts suited for Immigrants,Non-resident Account (Nichtansässigenkonto),For individuals who are not permanent residents in Germany but need a local bank account.
Types of Bank Accounts suited for Immigrants,Blocked Account (Sperrkonto),"Required for certain visa types, it holds a specific amount of funds as proof of financial resources."
Types of Bank Accounts suited for Immigrants,Travel Account (Reisekonto),"A bank account specifically tailored for travelers, offering benefits such as low foreign transaction fees and travel insurance."
Types of Bank Accounts suited for Immigrants,Youth Account (Jugendkonto),"Designed for minors, usually with parental oversight and limited features appropriate for their age."
Types of Bank Accounts suited for Immigrants,Joint and Several Account (Gemeinschaftskonto),"Similar to a joint account, but with the added feature that each account holder is individually responsible for the account's obligations."
Types of Bank Accounts suited for Immigrants,Salary Account (Gehaltskonto),"Typically offered in collaboration with employers, providing features like direct deposit and payroll services."
Types of Bank Accounts suited for Immigrants,Refugee Account (Flüchtlingskonto),"Designed to meet the banking needs of refugees, often offered with simplified requirements and lower fees."
What are all the information needed to open a bank account as an immigrant/student in Germany,Valid identification,Bring your passport or national ID card (from your home country) as proof of your identity.
What are all the information needed to open a bank account as an immigrant/student in Germany,Residence permit," Depending on your nationality and visa status, you may need to provide your student residence permit (Aufenthaltstitel) or confirmation of enrollment from your university."
What are all the information needed to open a bank account as an immigrant/student in Germany,Proof of address: (Einwohnermeldeamt).," Provide a document that verifies your address in Germany. This can be a rental contract, a confirmation letter from your landlord, or a Meldebescheinigung (registration certificate) obtained from the local registration office."
What are all the information needed to open a bank account as an immigrant/student in Germany,University admission letter,Carry your acceptance or admission letter from the German university or college where you will be studying.
What are all the information needed to open a bank account as an immigrant/student in Germany,Student enrollment certificate," Obtain an enrollment certificate (Immatrikulationsbescheinigung) from your university, confirming your student status."
What are all the information needed to open a bank account as an immigrant/student in Germany,Blocked account account (Sperrkonto) ,"If you are required to open a blocked account (Sperrkonto) to prove sufficient financial means for your studies, you will need to bring the confirmation documents from the bank that issued the blocked account"
What are all the information needed to open a bank account as an immigrant/student in Germany,German tax identification number,Apply for a German tax identification number (Steueridentifikationsnummer) if you don't have one already. You can obtain it from the local tax office (Finanzamt).
What are all the information needed to open a bank account as an immigrant/student in Germany,Proof of income or financial support,"Depending on the bank's requirements, you may need to provide proof of income or financial support, such as scholarship documents, bank statements, or a letter from your sponsor."
What are all the information needed to open a bank account as an immigrant/student in Germany,Student ID card, Carry your student identification card issued by your university or college.
What are all the information needed to open a bank account as an immigrant/student in Germany,Bank-specific forms,"The bank may have its own application forms that you need to fill out. These forms will require personal information, such as your name, address, contact details, and other relevant details."
Insurance Type,Health Insurance,Ottonova
Insurance Type,Health Insurance,Allianz International Health Insurance
Insurance Type,Health Insurance,BARMER
Insurance Type,Health Insurance,Techniker Krankenkasse (TK)
Insurance Type,Health Insurance,Kaufmännische Krankenkasse (KKH)
Insurance Type,Health Insurance,Hallesche Krankenversicherung
Insurance Type,Health Insurance,Provisit Insurances
Insurance Type,Health Insurance,Health Insurance Germany
Insurance Type,Health Insurance,AXA
Insurance Type,Health Insurance,AOK
Insurance Type,Health Insurance,HUK-COBURG
Insurance Type,Home Insurance,Allianz
Insurance Type,Home Insurance,AXA
Insurance Type,Home Insurance,Basler
Insurance Type,Home Insurance,DEVK
Insurance Type,Home Insurance,Generali
Insurance Type,Home Insurance,Gothaer
Insurance Type,Home Insurance,HDI
Insurance Type,Home Insurance,HUK-Coburg
Insurance Type,Home Insurance,Interrisk
Insurance Type,Home Insurance,VHV
Insurance Type,Car Insurance,Allianz
Insurance Type,Car Insurance,HUK-Coburg
Insurance Type,Car Insurance,AXA
Insurance Type,Car Insurance,ERGO
Insurance Type,Car Insurance,DEVK
Insurance Type,Car Insurance,R+V Versicherung
Insurance Type,Car Insurance,Generali
Insurance Type,Car Insurance,HDI
Insurance Type,Car Insurance,CosmosDirekt
Insurance Type,Car Insurance,Gothaer
Insurance Type,Car Insurance,VHV
Insurance Type,Car Insurance,Württembergische Versicherung
Insurance Type,Car Insurance,Zurich Versicherung
Insurance Type,Car Insurance,Signal Iduna
Insurance Type,Car Insurance,LVM
Insurance Type,Accident Insurance,DFV-KombiSchutz
Insurance Type,Accident Insurance,WGV
Insurance Type,Accident Insurance,CosmosDirekt
Insurance Type,Accident Insurance,RUV
Insurance Type,Accident Insurance,HUK-COBURG
Insurance Type,Accident Insurance,VKB
Insurance Type,Accident Insurance,ERGO
Insurance Type,Accident Insurance,gothaer
Insurance Type,Accident Insurance,Zurich Versicherung
Insurance Type,Accident Insurance,Adam Riese
Insurance Type,Accident Insurance,ADAC
Insurance Type,Liability Insurance,AXA
Insurance Type,Liability Insurance,HUK-COBURG
Insurance Type,Liability Insurance,ERGO
Insurance Type,Liability Insurance,CosmosDirekt
Insurance Type,Liability Insurance,Allianz
Insurance Type,Liability Insurance,R+V Versicherung
Insurance Type,Liability Insurance,Zurich Versicherung
Insurance Type,Liability Insurance,ARAG
Insurance Type,Legal Insurance,ARAG
Insurance Type,Legal Insurance,Allianz
Insurance Type,Legal Insurance,Roland Rechtsschutz
Insurance Type,Legal Insurance,HUK-COBURG
Insurance Type,Legal Insurance,ERGO
Insurance Type,Legal Insurance,ADAC
Insurance Type,Legal Insurance,AdmiralDirekt